0;0;NaN;-0,0
1;0;0,0;Infinity
2;1;0,0;2,8853900817779268
3;2;1,9308104807235944;2,730717679880512
4;2;2,9782389645158385;2,8853900817779268
5;3;3,70057436613306;3,1066746727980594
6;3;4,267682997795347;3,3486637593074837
7;4;4,74810139101583;3,597288396588255
8;4;5,1746761197876125;3,8471867757039027
9;4;5,565117346839675;4,096076519820768
10;4;5,929836331344424;4,3429448190325175
11;5;6,275374464849392;4,5873563056667095
12;5;6,6060651475279775;4,829155252582136
13;6;6,9249059011649035;5,06832618826664
14;6;7,2340462113763975;5,304924543659316
15;6;7,535075134097361;5,539040596032826
16;6;7,829198490202847;5,7707801635558535
17;7;8,117352210741835;6,0002541057009395
18;7;8,40027722746679;6,2275726127014845
19;8;8,678570374379214;6,452842166007064
20;8;8,952719857135204;6,676164013906681
21;8;9,223130521899307;6,897633513814072
22;8;9,490142216976825;7,117339969270795
23;9;9,754043375046502;7,335366744787423
24;9;10,015081223240434;7,551791530658996
25;9;10,273469571571013;7,766686681995148
26;9;10,529394834089665;7,980119587183506
27;9;10,783020741216431;8,192153039641536
28;9;11,03449206957213;8,402845598011567
29;10;11,283937625039279;8,612251926827732
30;10;11,531472651649011;8,820423113856181
31;11;11,77720079426182;9,027406962818835
32;11;12,021215711030395;9,233248261689365
33;11;12,263602408429085;9,437989027588253
34;11;12,504438354600222;9,641668729745335
35;11;12,743794414125654;9,844324492195494
36;11;12,981735637853284;10,04599127792245
37;12;13,218321934233124;10,246702056127724
38;12;13,453608643136903;10,446487954214756
39;12;13,687647028913233;10,6453783959665
40;12;13,920484706151834;10,843401227272672
41;13;14,152166009065205;11,040582830640032
42;13;14,382732313374632;11,236948229600266
43;14;14,612222317983468;11,432521184018636
44;14;14,840672292439944;11,6273242772036
45;14;15,068116295162604;11,821378995623839
46;14;15,294586366570007;12,014705801954314
47;15;15,520112700580297;12,207324202096762
48;15;15,744723797394359;12,39925280675178
49;15;15,968446600022752;12,590509388058893
50;15;16,191306616642695;12,781110931766573
51;15;16,413328030561306;12,971073685346155
52;15;16,634533799303096;13,160413202420477
53;16;16,854945744124027;13,349144383840082
54;16;17,074584631073137;13,53728151570583
55;16;17,293470244570134;13,724838304606651
56;16;17,51162145433809;13,911827910314273
57;16;17,729056276420785;14,09826297615293
58;16;17,945791928920766;14,284155657240678
59;17;18,161844883014354;14,469517646779993
60;17;18,377230909731328;14,654360200558338
61;18;18,591965122928126;14,838694159804142
62;18;18,806062018832566;15,022529972530227
63;18;19,01953551249415;15,205877713484329
64;18;19,23239897143581;15,38874710281561
65;18;19,44466524676987;15,571147523556206
66;18;19,656346702011906;15,753088038008007
67;19;19,867455239801046;15,934577403116974
68;19;20,078002326712934;16,115624084910145
69;19;20,287999016332147;16,296236272064004
70;19;20,497455970733768;16,47642188866708
71;20;20,706383480508496;16,656188606234352
72;20;20,914791483452543;16,835543855026316
73;21;21,122689582031438;17,014494834721177
74;21;21,330087059716483;17,193048524484684
75;21;21,536992896283298;17,371211692478756
76;21;21,743415782153274;17,548990904846423
77;21;21,949364131851624;17,72639253420814
78;21;22,154846096648825;17,90342276770138
79;22;22,35986957644634;18,080087614593236
80;22;22,56444223096218;18,256392913493496
81;22;22,768571490267004;18,432344339193456
82;22;22,9722645647171;18,607947409154015
83;23;23,175528454326766;18,783207489664797
84;23;23,37836995761891;18,95812980169449
85;23;23,580795679989738;19,132719426451175
86;23;23,782812041620193;19,306981310670018
87;23;23,984425284964555;19,48092027164454
88;23;24,1856414818438;19,654541002016533
89;24;24,386466540169597;19,827848074338686
90;24;24,586906210322464;20,000845945422935
91;24;24,786966091206057;20,173538960486816
92;24;24,986651635997834;20,34593135710914
93;24;25,185968157614802;20,518027269005717
94;24;25,384920833911753;20,689830729634938
95;24;25,583514712628148;20,861345675642664
96;24;25,78175471609852;21,032575950155028
97;25;25,979645645740398;21,203525305927318
98;25;26,177192186332707;21,374197408356636
99;25;26,37439891009659;21,544595838365417
100;25;26,571270280589985;21,71472409516259
101;26;26,767810656426384;21,884585598888698
102;26;26,964024294827606;22,054183693150854
103;27;27,159915355019546;22,22352164745316
104;27;27,35548790147972;22,392602659527842
105;27;27,550745907044277;22,561429857571962
106;27;27,74569325588223;22,73000630239446
107;28;27,94033374634367;22,89833498947784
108;28;28,13467109368872;23,066418850958595
109;29;28,32870893270329;23,234260757530414
110;29;28,522450820207403;23,40186352027363
111;29;28,715900237461614;23,569229892414597
112;29;28,909060592476504;23,736362571018095
113;30;29,101935222230164;23,903264198615982
114;30;29,29452739479812;24,06993736477499
115;30;29,48684031139999;24,236384607606368
116;30;29,67887710836687;24,402608415220122
117;30;29,87064085903321;24,56861122712622
118;30;30,0621345755568;24,734395435585192
119;30;30,253361210670203;24,89996338691031
120;30;30,444323659366805;25,065317382723492
121;30;30,635024760524477;25,230459681166902
122;30;30,825467298469764;25,395392498072216
123;30;31,015654004485228;25,560118008089276
124;30;31,205587558262426;25,724638345775894
125;30;31,395270589303124;25,88895560665049
126;30;31,584705678270808;26,053071848208983
127;31;31,773895358294805;26,216989090907525
128;31;31,962842116229023;26,380709319112476
129;31;32,15154839386721;26,544234482018844
130;31;32,340016589116644;26,70756649453863
131;32;32,528249057131994;26,87070723816012
132;32;32,71624811141097;27,03365856177941
133;32;32,90401602485339;27,196422282505203
134;32;33,09155503078521;27,35900018643791
135;32;33,2788673239488;27,521394029424094
136;32;33,465955061461;27,683605537787216
137;33;33,65282036374021;27,845636409035535
138;33;33,839465315403565;28,007488312548105
139;34;34,02589196613574;28,169162890239658
140;34;34,21210233153008;28,330661757205146
141;34;34,39809839390353;28,49198650234478
142;34;34,583882103086005;28,65313868897019
143;34;34,76945537718553;28,814119855392494
144;34;34,95482010332975;28,974931515492816
145;34;35,13997813838502;29,135575159276087
146;34;35,32493130965357;29,296052253408494
147;34;35,50968141554992;29,456364241739358
148;34;35,694230226257005;29,616512545807876
149;35;35,87857948436296;29,77649856533533
150;35;36,06273090547917;29,936323678703257
151;36;36,246686178840285;30,095989243418003
152;36;36,430446967886866;30,25549659656227
153;36;36,61401491083123;30,41484705523397
154;36;36,797391621207204;30,57404191697289
155;36;36,980578688404165;30,733082460175606
156;36;37,16357767818614;30,891969944498918
157;37;37,34639013319627;31,05070561125238
158;37;37,529017573447355;31,209290683780115
159;37;37,71146149679869;31,367726367832397
160;37;37,89372337942001;31,52601385192723
161;37;38,07580467624258;31,68415430770235
162;37;38,257706821398216;31,8421488902579
163;38;38,439431228646434;31,99999873849008
164;38;38,62097929179015;32,157704975416145
165;38;38,802352385080376;32,31526870849087
166;38;38,9835518636102;32,47269102991489
167;39;39,164579063698454;32,62997301693519
168;39;39,345435303263315;32,7871157321378
169;39;39,526121882186324;32,944120223733165
170;39;39,70664008266694;33,1009875258343
171;39;39,88699116956804;33,257718658727946
172;39;40,06717639075268;33,41431462913901
173;40;40,24719697741222;33,570776430488394
174;40;40,42705414438636;33,727105043144554
175;40;40,606749090475034;33,883301434668816
176;40;40,78628299874262;34,03936656005476
177;40;40,96565703681466;34,19530136196179
178;40;41,14487235716726;34,3511067709431
179;41;41,32393009740939;34,50678370566815
180;41;41,502831380558426;34,66233307313987
181;42;41,68157731530898;34,817755768906686
182;42;41,86016899629527;34,9730526772696
183;42;42,0386075043473;35,12822467148433
184;42;42,21689390674085;35,28327261395887
185;42;42,39502925744172;35,43819735644635
186;42;42,5730145973441;35,59299974023349
187;42;42,75085095450345;35,74768059632476
188;42;42,92853934436401;35,902240745622336
189;42;43,10608076998099;36,05668099910188
190;42;43,2834762222377;36,2110021579845
191;43;43,46072668005771;36,36520501390475
192;43;43,63783311061221;36,51929034907488
193;44;43,81479646952271;36,67325893644547
194;44;43,991617701059134;36,827111539862514
195;44;44,168297738333486;36,980848914221006
196;44;44,34483750348934;37,13447180561522
197;45;44,52123790788694;37,287980951485636
198;45;44,69749985228442;37,44137708076281
199;46;44,87362422701492;37,59466091400803
200;46;45,04961191215993;37,74783316355097
201;46;45,22546377771888;37,90089453362446
202;46;45,40118068377499;38,053845720496376
203;46;45,576763480657704;38,2066874125987
204;46;45,75221300910157;38,359420290653894
205;46;45,92753010040173;38,51204502779866
206;46;46,1027155765662;38,664562289705074
207;46;46,27777025046494;38,81697273469923
208;46;46,45269492597573;38,969277013877424
209;46;46,62749039812712;39,121475771219984
210;46;46,80215745323838;39,273569643702764
211;47;46,976696869056504;39,425559261406306
212;47;47,15110941489051;39,57744524762292
213;47;47,325395851742975;39,72922821896148
214;47;47,49955693243881;39,8809087854502
215;47;47,67359340175159;40,03248755063732
216;47;47,84750599652719;40,1839651116898
217;47;48,02129544580507;40,3353420594901
218;47;48,19496247093707;40,48661897873098
219;47;48,368507785703876;40,637796448008494
220;47;48,54193209642918;40,78887503991317
221;47;48,71523610209162;40,93985532111943
222;47;48,888420494434534;41,09073785247319
223;48;49,06148595807349;41,24152318907792
224;48;49,23443317060192;41,39221188037895
225;48;49,40726280269449;41,542804470246196
226;48;49,5799755182087;41,69330149705532
227;49;49,752571974284365;41,84370349376738
228;49;49,92505282144135;41,99401098800689
229;50;50,09741870367532;42,144224502138556
230;50;50,26967025855183;42,29434455334244
231;50;50,44180811729851;42,44437165368787
232;50;50,61383290489563;42,59430631020579
233;51;50,78574524016493;42,74414902496004
234;51;50,957545735856826;42,89390029511705
235;51;51,12923499873596;43,04356061301449
236;51;51,3008136296653;43,19313046622851
237;51;51,47228222368855;43,342610337639854
238;51;51,64364137011116;43,49200070549877
239;52;51,814891652579846;43,64130204348869
240;52;51,98603364916067;43,7905148207889
241;53;52,157067932415686;43,93963950213593
242;53;52,32799506947831;44,08867654788399
243;53;52,49881562212724;44,2376264140643
244;53;52,66953014685908;44,3864895524433
245;53;52,8401391949598;44,53526641057999
246;53;53,010643312574736;44,68395743188214
247;53;53,181043040777574;44,83256305566153
248;53;53,351338915637974;44,981083717188376
249;53;53,521531468288096;45,12951984774461
250;53;53,69162122498796;45,277871874676414
251;54;53,86160870718965;45,42614022144576
252;54;54,03149443160048;45,57432530768112
253;54;54,201278910244994;45,72242754922731
254;54;54,37096265052602;45,87044735819445
255;54;54,54054615528455;46,018385143006135
256;54;54,710029922858766;46,16624130844683
257;55;54,8794144471419;46,31401625570841
258;55;55,048700217639286;46,46171038243596
259;55;55,2178877195244;46,60932408277281
260;55;55,386977433693865;46,756857747404815
261;55;55,55596983682174;46,904311763603936
262;55;55,72486540141275;47,051686515271115
263;56;55,893664595854716;47,198982382978336
264;56;56,06236788447013;47,3461997440102
265;56;56,23097572756685;47,49333897240464
266;56;56,399488581488;47,6404004389931
267;56;56,56790689866104;47,787384511439996
268;56;56,736231127646114;47,934291554281614
269;57;56,90446171318348;48,08112192896428
270;57;57,07259909624034;48,22787599388208
271;58;57,24064371405685;48,37455410441381
272;58;57,408596000191345;48,52115661295949
273;58;57,57645638456497;48,66768386897619
274;58;57,74422529350551;48,8141362190134
275;58;57,91190314979055;48,96051400674773
276;58;58,07949037268998;49,106817573017196
277;59;58,246987378007894;49,25304725585486
278;59;58,41439457812369;49,399203390522054
279;59;58,58171238203265;49,545286309540984
280;59;58,748941195385875;49,69129634272696
281;60;58,916081420529586;49,837233817219996
282;60;59,08313345654384;49,98309905751606
283;61;59,250097699280644;50,12889238549775
284;61;59,41697454140145;50,27461412046458
285;61;59,58376437241423;50,420264579162726
286;61;59,750467578709774;50,56584407581444
287;61;59,917084543597625;50,71135292214689
288;61;60,08361564734139;50,8567914274207
289;61;60,25006126719352;51,00215989845799
290;61;60,41642177742963;51,147458639669985
291;61;60,582697549382225;51,29268795308428
292;61;60,748888951474;51,4378481383717
293;62;60,914996349250664;51,582939492872654
294;62;61,081020105413145;51,727962311623294
295;62;61,24696057984951;51,8729168873811
296;62;61,41281812966631;52,01780351065026
297;62;61,57859310921947;52,16262246970654
298;62;61,744285870144765;52,307374050621924
299;62;61,909896761387834;52,45205853728879
300;62;62,07542612923382;52,59667621144383
301;62;62,240874317336484;52,74122735269153
302;62;62,40624166674695;52,88571223852746
303;62;62,57152851594214;53,030131144361086
304;62;62,73673520085259;53,17448434353832
305;62;62,90186205489008;53,31877210736381
306;62;63,06690940897479;53,462994705122824
307;63;63,231877591562004;53,60715240410285
308;63;63,396766928668605;53,751245469614965
309;63;63,56157774389906;53,89527416501479
310;63;63,7263103584711;54,03923875172331
311;64;63,89096509124103;54,18313948924723
312;64;64,05554225872869;54,32697663519915
313;65;64,22004217514211;54,47075044531752
314;65;64,38446515240175;54,61446117348617
315;65;64,54881150016448;54,758109071753694
316;65;64,71308152584719;54,90169439035256
317;66;64,8772755346501;55,04521737771788
318;66;65,04139382957976;55,18867828050602
319;66;65,20543671147175;55,33207734361291
320;66;65,36940447901293;55,47541481019213
321;66;65,53329742876367;55,618690921672716
322;66;65,69711585517956;55,761905917776815
323;66;65,86086005063285;55,90506003653699
324;66;66,02453030543373;56,04815351431336
325;66;66,18812690785121;56,19118658581055
326;66;66,35165014413374;56,334159484094336
327;66;66,51510029852965;56,477072440608126
328;66;66,67847765330716;56,6199256851892
329;66;66,8417824887743;56,76271944608478
330;66;67,00501508329849;56,90545394996781
331;67;67,16817571332575;57,048129421952595
332;67;67,33126465339997;57,19074608561028
333;67;67,49428217618153;57,33330416298399
334;67;67,65722855246608;57,47580387460393
335;67;67,82010405120275;57,61824543950218
336;67;67,98290893951227;57,76062907522733
337;68;68,145643482705;57,90295499785898
338;68;68,30830794429836;58,045223422022
339;68;68,47090258603441;58,187434560900634
340;68;68,63342766789704;58,32958862625238
341;68;68,79588344812886;58,47168582842179
342;68;68,95827018324817;58,613726376354016
343;68;69,12058812806532;58,75571047760817
344;68;69,28283753569922;58,897638338370626
345;68;69,44501865759334;59,03951016346805
346;68;69,60713174353185;59,18132615638035
347;69;69,76917704165527;59,32308651925333
348;69;69,93115479847599;59,464791452911385
349;70;70,09306525889373;59,606441156869884
350;70;70,25490866621068;59,748035829347444
351;70;70,41668526214649;59,8895756672781
352;70;70,57839528685308;60,031060866323266
353;71;70,74003897892929;60,172491620883584
354;71;70,90161657543528;60,31386812411062
355;71;71,0631283119069;60,4551905679184
356;71;71,22457442236968;60,59645914299486
357;71;71,38595513935284;60,737674038813104
358;71;71,54727069390307;60,87883544364253
359;72;71,70852131559805;61,01994354455989
360;72;71,86970723255996;61,16099852746011
361;72;72,03082867146873;61,302000577067105
362;72;72,19188585757517;61,44294987694432
363;72;72,35287901471395;61,58384660950533
364;72;72,51380836531635;61,72469095602409
365;72;72,67467413042301;61,865483096645306
366;72;72,83547652969638;62,006223210394495
367;73;72,99621578143307;62,146911475188
368;73;73,15689210257617;62,287548067842934
369;73;73,3175057087272;62,4281331640869
370;73;73,47805681415812;62,56866693856771
371;73;73,63854563182316;62,7091495648629
372;73;73,79897237337042;62,8495812154892
373;74;73,9593372491534;62,98996206191187
374;74;74,11964046824242;63,13029227455393
375;74;74,27988223843592;63,27057202280529
376;74;74,44006276627148;63,41080147503172
377;74;74,60018225703702;63,55098079858385
378;74;74,76024091478145;63,69111015980593
379;75;74,92023894232564;63,83118972404458
380;75;75,08017654127296;63,97121965565735
381;75;75,24005391201975;64,11120011802132
382;75;75,39987125376585;64,25113127354149
383;76;75,55962876452476;64,39101328365909
384;76;75,71932664113389;64,53084630885984
385;76;75,87896507926457;64,67063050868211
386;76;76,03854427343204;64,81036604172496
387;76;76,19806441700518;64,9500530656561
388;76;76,35752570221638;65,08969173721978
389;77;76,51692832017105;65,2292822122446
390;77;76,67627246085715;65,36882464565115
391;77;76,83555831315458;65,5083191914597
392;77;76,99478606484458;65,64776600279778
393;77;77,15395590261878;65,78716523190745
394;77;77,31306801208842;65,9265170301529
395;77;77,4721225777933;66,0658215480276
396;77;77,63111978321065;66,20507893516155
397;78;77,79005981076405;66,34428934032847
398;78;77,948942841832;66,48345291145279
399;78;78,10776905675664;66,62256979561663
400;78;78,26653863485221;66,76164013906681
401;79;78,42525175441357;66,90066408722159
402;79;78,58390859272441;67,03964178467743
403;79;78,74250932606566;67,17857337521579
404;79;78,9010541297235;67,31745900180961
405;79;79,0595431779976;67,45629880662999
406;79;79,21797664420896;67,59509293105252
407;79;79,37635470070792;67,73384151566385
408;79;79,53467751888196;67,87254470026797
409;80;79,69294526916347;68,01120262389244
410;80;79,85115812103733;68,14981542479471
411;80;80,00931624304856;68,28838324046815
412;80;80,16741980280987;68,42690620764822
413;80;80,32546896700897;68,56538446231846
414;80;80,483463901416;68,70381813971649
415;80;80,64140477089079;68,84220737433981
416;80;80,79929173939;68,98055229995171
417;80;80,95712496997437;69,1188530495871
418;80;81,11490462481558;69,25710975555809
419;81;81,27263086520348;69,39532254945975
420;81;81,43030385155272;69,53349156217568
421;82;81,58792374340982;69,67161692388359
422;82;81,74549069945976;69,80969876406067
423;82;81,90300487753285;69,94773721148923
424;82;82,06046643461116;70,08573239426184
425;82;82,21787552683527;70,22368443978684
426;82;82,37523230951062;70,36159347479351
427;82;82,53253693711405;70,49945962533732
428;82;82,68978956330007;70,63728301680511
429;82;82,84699034090728;70,77506377392017
430;82;83,00413942196452;70,91280202074726
431;83;83,16123695769708;71,05049788069779
432;83;83,31828309853275;71,18815147653454
433;84;83,47527799410801;71,32576293037683
434;84;83,63222179327389;71,46333236370512
435;84;83,789114644102;71,60085989736609
436;84;83,9459566938904;71,73834565157719
437;84;84,10274808916927;71,87578974593147
438;84;84,25948897570694;72,01319229940228
439;85;84,41617949851539;72,1505534303478
440;85;84,57281980185596;72,28787325651574
441;85;84,72941002924496;72,42515189504776
442;85;84,8859503234592;72,56238946248409
443;86;85,04244082654145;72,69958607476791
444;86;85,19888167980595;72,83674184724973
445;86;85,35527302384372;72,97385689469186
446;86;85,51161499852795;73,11093133127264
447;86;85,66790774301917;73,24796527059078
448;86;85,82415139577061;73,38495882566959
449;87;85,9803460945333;73,52191210896112
450;87;86,13649197636124;73,65882523235048
451;87;86,29258917761645;73,79569830715977
452;87;86,448637833974;73,93253144415229
453;87;86,60463808042705;74,06932475353659
454;87;86,76059005129167;74,20607834497036
455;87;86,91649388021187;74,34279232756458
456;87;87,07234970016438;74,47946680988724
457;88;87,22815764346336;74,61610189996742
458;88;87,38391784176538;74,75269770529906
459;88;87,53963042607388;74,8892543328448
460;88;87,69529552674399;75,02577188903973
461;89;87,85091327348712;75,16225047979523
462;89;88,0064837953755;75,2986902105026
463;90;88,16200722084675;75,43509118603679
464;90;88,3174836777084;75,57145351076001
465;90;88,47291329314223;75,70777728852542
466;90;88,62829619370888;75,84406262268061
467;91;88,78363250535203;75,98030961607122
468;91;88,93892235340283;76,11651837104446
469;91;89,09416586258415;76,25268898945255
470;91;89,24936315701488;76,3888215726562
471;91;89,40451436021411;76,52491622152802
472;91;89,55961959510527;76,66097303645593
473;91;89,71467898402038;76,79699211734648
474;91;89,86969264870399;76,93297356362822
475;91;90,02466071031742;77,06891747425502
476;91;90,17958328944266;77,20482394770923
477;91;90,33446050608637;77,34069308200505
478;91;90,48929247968391;77,47652497469166
479;92;90,64407932910318;77,61231972285644
480;92;90,79882117264856;77,74807742312808
481;92;90,95351812806467;77,88379817167977
482;92;91,10817031254035;78,01948206423225
483;92;91,26277784271227;78,1551291960569
484;92;91,41734083466875;78,29073966197875
485;92;91,5718594039535;78,42631355637957
486;92;91,72633366556926;78,56185097320078
487;93;91,88076373398147;78,69735200594644
488;93;92,03514972312185;78,83281674768621
489;93;92,18949174639202;78,96824529105828
490;93;92,3437899166671;79,10363772827216
491;94;92,49804434629914;79,23899415111163
492;94;92,65225514712063;79,37431465093755
493;94;92,80642243044802;79,50959931869069
494;94;92,96054630708511;79,64484824489445
495;94;93,11462688732644;79,78006151965772
496;94;93,2686642809607;79,91523923267755
497;94;93,42265859727404;80,0503814732419
498;94;93,57660994505342;80,18548833023227
499;95;93,73051843258983;80,3205598921265
500;95;93,88438416768162;80,45559624700124
501;95;94,03820725763771;80,59059748253475
502;95;94,19198780928076;80,72556368600935
503;96;94,34572592895037;80,86049494431411
504;96;94,4994217225062;80,99539134394736
505;96;94,6530752953312;81,13025297101922
506;96;94,80668675233456;81,26507991125412
507;96;94,9602561979548;81,39987224999332
508;96;95,11378373616294;81,53463007219732
509;97;95,26726947046538;81,66935346244838
510;97;95,42071350390694;81,80404250495292
511;97;95,57411593907382;81,93869728354389
512;97;95,72747687809658;82,07331788168325
513;97;95,88079642265298;82,20790438246426
514;97;96,03407467397095;82,34245686861387
515;97;96,1873117328314;82,47697542249504
516;97;96,34050769957115;82,61146012610904
517;97;96,4936626740856;82,74591106109774
518;97;96,64677675583168;82,88032830874596
519;97;96,79985004383055;83,01471194998358
520;97;96,95288263667034;83,1490620653879
521;98;97,10587463250893;83,28337873518579
522;98;97,25882612907662;83,41766203925596
523;99;97,41173722367883;83,55191205713103
524;99;97,56460801319876;83,68612886799983
525;99;97,71743859410002;83,82031255070937
526;99;97,87022906242922;83,95446318376719
527;99;98,02297951381867;84,08858084534326
528;99;98,17569004348884;84,22266561327221
529;99;98,328360746251;84,35671756505536
530;99;98,48099171650965;84,49073677786278
531;99;98,63358304826521;84,6247233285353
532;99;98,78613483511634;84,75867729358663
533;99;98,93864717026247;84,89259874920529
534;99;99,09112014650634;85,02648777125663
535;99;99,24355385625628;85,1603444352848
536;99;99,39594839152876;85,29416881651471
537;99;99,5483038439507;85,42796098985401
538;99;99,70062030476191;85,56172102989503
539;99;99,85289786481742;85,69544901091658
540;99;100,00513661458974;85,829145006886
541;100;100,15733664417137;85,96280909146097
542;100;100,30949804327692;86,09644133799137
543;100;100,46162090124547;86,2300418195212
544;100;100,61370530704282;86,36361060879038
545;100;100,76575134926381;86,49714777823651
546;100;100,91775911613438;86,63065339999685
547;101;101,06972869551399;86,76412754590994
548;101;101,22166017489765;86,89757028751754
549;101;101,37355364141821;87,03098169606625
550;101;101,52540918184845;87,16436184250941
551;101;101,67722688260325;87,29771079750871
552;101;101,82900682974173;87,43102863143608
553;101;101,98074910896936;87,5643154143752
554;101;102,13245380563998;87,69757121612344
555;101;102,28412100475806;87,8307961061933
556;101;102,43575079098055;87,96399015381432
557;102;102,58734324861902;88,09715342793459
558;102;102,7388984616418;88,23028599722244
559;102;102,89041651367576;88,3633879300681
560;102;103,04189748800854;88,49645929458535
561;102;103,19334146759037;88,62950015861303
562;102;103,34474853503616;88,76251058971677
563;103;103,49611877262738;88,89549065519046
564;103;103,647452262314;89,02844042205797
565;103;103,79874908571647;89,16135995707455
566;103;103,95000932412755;89,29424932672852
567;103;104,10123305851432;89,42710859724274
568;103;104,25242036951994;89,55993783457612
569;104;104,4035713374656;89,69273710442523
570;104;104,55468604235233;89,82550647222573
571;105;104,70576456386287;89,9582460031539
572;105;104,85680698136348;90,0909557621281
573;105;105,00781337390575;90,22363581381025
574;105;105,1587838202284;90,35628622260734
575;105;105,30971839875906;90,48890705267277
576;105;105,46061718761611;90,62149836790796
577;106;105,6114802646103;90,75406023196359
578;106;105,76230770724658;90,88659270824117
579;106;105,9130995927259;91,01909585989436
580;106;106,0638559979468;91,15156974983044
581;106;106,21457699950722;91,28401444071162
582;106;106,36526267370607;91,41642999495645
583;106;106,51591309654506;91,54881647474124
584;106;106,6665283437303;91,68117394200134
585;106;106,81710849067396;91,81350245843254
586;106;106,96765361249587;91,94580208549239
587;107;107,11816378402526;92,0780728844015
588;107;107,26863907980227;92,21031491614492
589;107;107,41907957407966;92,34252824147339
590;107;107,56948534082434;92,47471292090471
591;107;107,71985645371895;92,60686901472492
592;107;107,87019298616349;92,73899658298973
593;108;108,02049501127685;92,87109568552562
594;108;108,17076260189836;93,00316638193127
595;108;108,32099583058937;93,13520873157869
596;108;108,4711947696347;93,26722279361454
597;108;108,62135949104425;93,39920862696131
598;108;108,77149006655442;93,53116629031861
599;109;108,9215865676297;93,66309584216428
600;109;109,0716490654641;93,79499734075574
601;110;109,22167763098261;93,92687084413112
602;110;109,37167233484276;94,05871641011039
603;110;109,52163324743587;94,19053409629667
604;110;109,67156043888882;94,32232396007733
605;110;109,82145397906515;94,45408605862515
606;110;109,97131393756669;94,58582044889951
607;111;110,12114038373491;94,71752718764753
608;111;110,27093338665232;94,8492063314052
609;111;110,4206930151439;94,98085793649855
610;111;110,57041933777846;95,11248205904474
611;111;110,72011242286996;95,24407875495316
612;111;110,869772338479;95,37564807992663
613;112;111,01939915241407;95,50719008946241
614;112;111,16899293223294;95,63870483885334
615;112;111,31855374524399;95,7701923831889
616;112;111,46808165850759;95,90165277735633
617;113;111,61757673883724;96,03308607604167
618;113;111,76703905280111;96,16449233373088
619;114;111,91646866672325;96,29587160471074
620;114;112,06586564668478;96,42722394307015
621;114;112,21523005852534;96,55854940270096
622;114;112,36456196784422;96,6898480372991
623;114;112,51386144000175;96,82111990036559
624;114;112,66312854012048;96,95236504520757
625;114;112,81236333308637;97,08358352493936
626;114;112,9615658835502;97,21477539248329
627;114;113,11073625592866;97,34594070057096
628;114;113,25987451440564;97,47707950174406
629;114;113,40898072293332;97,60819184835536
630;114;113,55805494523362;97,73927779256982
631;115;113,70709724479916;97,87033738636539
632;115;113,85610768489452;98,00137068153408
633;115;114,00508632855754;98,132377729683
634;115;114,15403323860026;98,26335858223507
635;115;114,30294847761036;98,39431329043023
636;115;114,45183210795207;98,52524190532624
637;115;114,60068419176747;98,65614447779964
638;115;114,7495047909776;98,78702105854669
639;115;114,89829396728352;98,91787169808427
640;115;115,04705178216764;99,04869644675082
641;116;115,19577829689452;99,1794953547073
642;116;115,34447357251229;99,31026847193795
643;117;115,49313766985357;99,44101584825135
644;117;115,64177064953665;99,57173753328121
645;117;115,7903725719665;99,70243357648731
646;117;115,93894349733597;99,83310402715632
647;118;116,08748348562673;99,96374893440274
648;118;116,23599259661046;100,09436834716978
649;118;116,38447088984985;100,22496231423008
650;118;116,53291842469963;100,35553088418682
651;118;116,6813352603077;100,48607410547429
652;118;116,82972145561608;100,61659202635896
653;119;116,978077069362;100,7470846949402
654;119;117,12640216007888;100,87755215915118
655;119;117,27469678609741;101,00799446675963
656;119;117,42296100554654;101,13841166536872
657;119;117,57119487635445;101,26880380241788
658;119;117,7193984562496;101,39917092518358
659;120;117,8675718027617;101,52951308078018
660;120;118,01571497322267;101,65983031616067
661;121;118,16382802476771;101,79012267811756
662;121;118,31191101433616;101,92039021328355
663;121;118,45996399867256;102,05063296813249
664;121;118,60798703432758;102,18085098897998
665;121;118,7559801776589;102,31104432198426
666;121;118,90394348483234;102,44121301314695
667;121;119,05187701182258;102,57135710831385
668;121;119,19978081441428;102,7014766531756
669;121;119,347654948203;102,8315716932686
670;121;119,49549946859594;102,96164227397563
671;121;119,643314430813;103,09168844052662
672;121;119,79109988988785;103,2217102379995
673;122;119,93885590066844;103,35170771132077
674;122;120,08658251781827;103,48168090526636
675;122;120,23427979581712;103,61162986446233
676;122;120,38194778896195;103,74155463338558
677;123;120,52958655136783;103,87145525636456
678;123;120,67719613696876;104,00133177758002
679;123;120,82477659951863;104,13118424106567
680;123;120,97232799259194;104,261012690709
681;123;121,11985036958488;104,39081717025181
682;123;121,26734378371597;104,52059772329106
683;124;121,41480828802702;104,65035439327949
684;124;121,56224393538399;104,78008722352631
685;124;121,70965077847784;104,90979625719791
686;124;121,85702886982524;105,03948153731858
687;124;122,00437826176957;105,16914310677102
688;124;122,15169900648164;105,29878100829723
689;124;122,29899115596051;105,42839528449905
690;124;122,44625476203436;105,55798597783885
691;125;122,59348987636133;105,68755313064017
692;125;122,74069655043019;105,81709678508844
693;125;122,88787483556123;105,94661698323154
694;125;123,03502478290712;106,07611376698054
695;125;123,18214644345353;106,20558717811028
696;125;123,32923986802007;106,33503725826
697;125;123,476305107261;106,46446404893409
698;125;123,62334221166603;106,59386759150256
699;125;123,77035123156107;106,72324792720177
700;125;123,91733221710903;106,85260509713504
701;126;124,06428521831054;106,98193914227325
702;126;124,21121028500473;107,11125010345549
703;126;124,35810746687;107,2405380213896
704;126;124,5049768134247;107,36980293665292
705;126;124,65181837402798;107,49904488969268
706;126;124,79863219788047;107,62826392082685
707;126;124,94541833402494;107,75746007024455
708;126;125,09217683134723;107,88663337800674
709;127;125,23890773857674;108,01578388404673
710;127;125,38561110428732;108,14491162817086
711;127;125,53228697689792;108,27401665005908
712;127;125,67893540467333;108,4030989892654
713;127;125,82555643572483;108,53215868521865
714;127;125,97215011801102;108,66119577722291
715;127;126,11871649933832;108,79021030445814
716;127;126,26525562736188;108,91920230598076
717;127;126,41176754958612;109,0481718207242
718;127;126,55825231336549;109,17711888749942
719;128;126,70470996590515;109,3060435449955
720;128;126,85114055426162;109,43494583178025
721;128;126,99754412534347;109,56382578630065
722;128;127,14392072591198;109,69268344688348
723;128;127,29027040258185;109,82151885173579
724;128;127,43659320182182;109,95033203894555
725;128;127,58288916995532;110,07912304648204
726;128;127,72915835316114;110,20789191219657
727;129;127,87540079747414;110,3366386738228
728;129;128,02161654878583;110,46536336897746
729;129;128,16780565284498;110,59406603516074
730;129;128,31396815525838;110,72274670975686
731;129;128,4601041014914;110,85140543003463
732;129;128,60621353686858;110,98004223314786
733;130;128,75229650657434;111,10865715613598
734;130;128,8983530556536;111,2372502359245
735;130;129,0443832290123;111,36582150932554
736;130;129,19038707141826;111,49437101303826
737;130;129,33636462750144;111,6228987836495
738;130;129,4823159417548;111,7514048576341
739;131;129,62824105853494;111,87988927135558
740;131;129,77414002206248;112,00835206106646
741;131;129,9200128764229;112,1367932629089
742;131;130,065859665567;112,26521291291506
743;132;130,21168043331147;112,3936110470077
744;132;130,3574752233396;112,52198770100054
745;132;130,5032440792018;112,65034291059882
746;132;130,64898704431613;112,77867671139981
747;132;130,79470416196895;112,90698913889314
748;132;130,94039547531554;113,03528022846139
749;132;131,08606102738057;113,16355001538057
750;132;131,2317008610587;113,29179853482046
751;133;131,37731501911523;113,42002582184521
752;133;131,52290354418648;113,54823191141372
753;133;131,66846647878054;113,6764168383801
754;133;131,8140038652778;113,80458063749418
755;133;131,9595157459314;113,93272334340189
756;133;132,1050021628678;114,06084499064573
757;134;132,25046315808743;114,1889456136653
758;134;132,39589877346518;114,31702524679754
759;134;132,5413090507509;114,44508392427743
760;134;132,68669403156994;114,57312168023826
761;135;132,8320537574238;114,70113854871207
762;135;132,97738826969052;114,82913456363016
763;135;133,12269760962533;114,95710975882349
764;135;133,267981818361;115,08506416802305
765;135;133,41324093690864;115,21299782486042
766;135;133,5584750061579;115,34091076286806
767;135;133,70368406687774;115,46880301547978
768;135;133,8488681597169;115,59667461603117
769;136;133,99402732520423;115,72452559776004
770;136;134,1391616037495;115,85235599380681
771;136;134,28427103564357;115,98016583721486
772;136;134,42935566105922;116,10795516093104
773;137;134,5744155200514;116,23572399780608
774;137;134,71945065255787;116,36347238059489
775;137;134,8644610983996;116,49120034195704
776;137;135,0094468972814;116,61890791445718
777;137;135,15440808879225;116,7465951305654
778;137;135,29934471240583;116,87426202265759
779;137;135,44425680748117;117,00190862301594
780;137;135,5891444132629;117,12953496382923
781;137;135,7340075688818;117,2571410771933
782;137;135,87884631335535;117,3847269951114
783;137;136,0236606855882;117,51229274949453
784;137;136,16845072437246;117,63983837216193
785;137;136,31321646838845;117,76736389484138
786;137;136,45795795620498;117,89486934916958
787;138;136,6026752262798;118,02235476669262
788;138;136,74736831696023;118,1498201788662
789;138;136,89203726648338;118,27726561705617
790;138;137,03668211297682;118,40469111253879
791;138;137,1813028944589;118,53209669650111
792;138;137,32589964883928;118,65948240004144
793;138;137,47047241391934;118,78684825416956
794;138;137,61502122739265;118,91419428980716
795;138;137,75954612684532;119,04152053778827
796;138;137,90404714975662;119,1688270288595
797;139;138,04852433349927;119,29611379368046
798;139;138,19297771533996;119,42338086282412
799;139;138,33740733243968;119,55062826677714
800;139;138,48181322185425;119,67785603594025
801;139;138,6261954205348;119,80506420062855
802;139;138,77055396532802;119,93225279107195
803;139;138,91488889297673;120,05942183741539
804;139;139,05920024012028;120,18657136971932
805;139;139,20348804329484;120,31370141795992
806;139;139,34775233893413;120,44081201202955
807;139;139,49199316336941;120,56790318173701
808;139;139,6362105528303;120,69497495680791
809;140;139,78040454344494;120,82202736688501
810;140;139,92457517124043;120,94906044152852
811;141;140,06872247214332;121,07607421021646
812;141;140,21284648197997;121,20306870234506
813;141;140,356947236477;121,33004394722894
814;141;140,50102477126157;121,45699997410154
815;141;140,64507912186195;121,58393681211538
816;141;140,78911032370772;121,71085449034251
817;141;140,9331184121303;121,83775303777468
818;141;141,0771034223634;121,96463248332375
819;141;141,22106538954324;122,09149285582195
820;141;141,36500434870905;122,21833418402231
821;142;141,5089203348034;122,34515649659879
822;142;141,6528133826727;122,47195982214679
823;143;141,79668352706736;122,59874418918331
824;143;141,94053080264243;122,72550962614739
825;143;142,0843552439578;122,8522561614003
826;143;142,22815688547863;122,9789838232259
827;144;142,3719357615758;123,10569263983098
828;144;142,5156919065261;123,23238263934549
829;145;142,65942535451282;123,35905384982289
830;145;142,8031361396259;123,48570629924048
831;145;142,94682429586254;123,6123400154996
832;145;143,09048985712732;123,73895502642604
833;145;143,2341328572328;123,86555135977027
834;145;143,3777533298996;123,99212904320774
835;145;143,52135130875706;124,1186881043392
836;145;143,66492682734335;124,24522857069095
837;145;143,80847991910608;124,3717504697152
838;145;143,95201061740232;124,49825382879025
839;146;144,0955189554993;124,62473867522093
840;146;144,23900496657453;124,7512050362387
841;146;144,38246868371624;124,87765293900212
842;146;144,52591013992364;125,004082410597
843;146;144,6693293681074;125,13049347803671
844;146;144,81272640109;125,25688616826253
845;146;144,95610127160583;125,38326050814383
846;146;145,0994540123018;125,50961652447843
847;146;145,24278465573758;125,6359542439928
848;146;145,3860932343859;125,76227369334241
849;146;145,52937978063292;125,88857489911193
850;146;145,6726443267786;126,0148578878156
851;146;145,81588690503693;126,14112268589736
852;146;145,9591075475364;126,26736931973127
853;147;146,1023062863202;126,39359781562165
854;147;146,24548315334658;126,51980819980342
855;147;146,38863818048924;126,64600049844239
856;147;146,5317713995376;126,7721747376354
857;148;146,67488284219712;126,89833094341073
858;148;146,81797254008964;127,02446914172828
859;149;146,96104052475363;127,15058935847983
860;149;147,10408682764466;127,27669161948931
861;149;147,24711148013554;127,4027759505131
862;149;147,39011451351678;127,52884237724018
863;150;147,53309595899677;127,6548909252925
864;150;147,6760558477022;127,78092162022519
865;150;147,81899421067828;127,90693448752677
866;150;147,96191107888916;128,03292955261944
867;150;148,10480648321814;128,15890684085937
868;150;148,24768045446802;128,28486637753684
869;150;148,39053302336134;128,41080818787665
870;150;148,5333642205408;128,53673229703816
871;150;148,6761740765694;128,66263873011573
872;150;148,81896262193092;128,78852751213878
873;150;148,96172988703006;128,91439866807227
874;150;149,10447590219286;129,04025222281663
875;150;149,24720069766687;129,16608820120834
876;150;149,38990430362156;129,2919066280199
877;151;149,53258675014854;129,41770752796015
878;151;149,6752480672619;129,54349092567458
879;151;149,8178882848984;129,66925684574554
880;151;149,96050743291792;129,79500531269233
881;152;150,1031055411036;129,92073635097162
882;152;150,24568263916214;130,04644998497767
883;153;150,38823875672418;130,17214623904235
884;153;150,53077392334455;130,29782513743567
885;153;150,67328816850238;130,42348670436573
886;153;150,81578152160168;130,54913096397917
887;154;150,95825401197143;130,67475794036125
888;154;151,1007056688658;130,80036765753616
889;154;151,24313652146458;130,9259601394672
890;154;151,38554659887336;131,05153541005703
891;154;151,52793593012382;131,17709349314782
892;154;151,67030454417406;131,3026344125216
893;154;151,81265246990873;131,4281581919004
894;154;151,95497973613945;131,5536648549464
895;154;152,09728637160504;131,67915442526228
896;154;152,23957240497165;131,80462692639142
897;154;152,38183786483327;131,93008238181807
898;154;152,52408277971173;132,05552081496748
899;154;152,66630717805717;132,18094224920634
900;154;152,80851108824817;132,30634670784272
901;154;152,95069453859213;132,43173421412655
902;154;153,09285755732537;132,55710479124963
903;154;153,23500017261355;132,68245846234592
904;154;153,3771224125518;132,80779525049178
905;154;153,5192243051651;132,93311517870606
906;154;153,6613058784083;133,05841826995047
907;155;153,80336716016674;133,18370454712965
908;155;153,94540817825614;133,30897403309146
909;155;154,0874289604231;133,43422675062712
910;155;154,22942953434514;133,55946272247147
911;156;154,37140992763122;133,68468197130312
912;156;154,5133701678216;133,80988451974468
913;156;154,6553102823885;133,93507039036297
914;156;154,79723029873617;134,0602396056692
915;156;154,93913024420095;134,1853921881192
916;156;155,08101014605188;134,31052816011356
917;156;155,22287003149057;134,43564754399782
918;156;155,36470992765166;134,56075036206278
919;157;155,50652986160316;134,68583663654462
920;157;155,64832986034628;134,810906389625
921;157;155,79010995081606;134,9359596434314
922;157;155,93187015988156;135,06099642003733
923;157;156,07361051434575;135,1860167414623
924;157;156,2153310409463;135,31102062967227
925;157;156,35703176635528;135,4360081065797
926;157;156,49871271717973;135,5609791940437
927;157;156,64037391996175;135,68593391387043
928;157;156,78201540117868;135,81087228781297
929;158;156,92363718724354;135,9357943375718
930;158;157,0652393045051;136,06070008479477
931;158;157,206821779248;136,18558955107744
932;158;157,34838463769327;136,3104627579632
933;158;157,48992790599826;136,4353197269434
934;158;157,63145161025705;136,5601604794576
935;158;157,77295577650057;136,6849850368938
936;158;157,91444043069689;136,80979342058842
937;159;158,05590559875145;136,93458565182672
938;159;158,1973513065072;137,05936175184283
939;159;158,33877757974477;137,18412174181995
940;159;158,4801844441829;137,3088656428906
941;160;158,62157192547846;137,43359347613668
942;160;158,76294004922678;137,55830526258973
943;160;158,90428884096178;137,6830010232311
944;160;159,04561832615624;137,80768077899208
945;160;159,18692853022196;137,93234455075407
946;160;159,32821947851002;138,05699235934884
947;161;159,469491196311;138,18162422555858
948;161;159,6107437088551;138,30624017011615
949;161;159,75197704131247;138,43084021370524
950;161;159,8931912187933;138,55542437696053
951;161;160,03438626634812;138,67999268046785
952;161;160,17556220896793;138,80454514476432
953;162;160,3167190715845;138,92908179033856
954;162;160,4578568790704;139,0536026376309
955;162;160,59897565623947;139,17810770703346
956;162;160,74007542784673;139,3025970188903
957;162;160,8811562185888;139,4270705934977
958;162;161,02221805310404;139,55152845110422
959;162;161,1632609559726;139,67597061191083
960;162;161,30428495171685;139,80039709607126
961;162;161,4452900648014;139,92480792369196
962;162;161,58627631963353;140,04920311483235
963;162;161,72724374056298;140,1735826895049
964;162;161,86819235188256;140,29794666767555
965;162;162,00912217782812;140,4222950692634
966;162;162,1500332425788;140,54662791414137
967;163;162,29092557025714;140,670945222136
968;163;162,4317991849295;140,79524701302776
969;163;162,57265411060598;140,91953330655116
970;163;162,7134903712407;141,04380412239502
971;164;162,8543079907321;141,16805948020234
972;164;162,99510699292304;141,29229939957085
973;164;163,13588740160088;141,4165239000528
974;164;163,27664924049793;141,5407330011553
975;164;163,41739253329132;141,66492672234043
976;164;163,5581173036034;141,78910508302545
977;165;163,69882357500202;141,9132681025828
978;165;163,8395113710003;142,0374158003404
979;165;163,98018071505726;142,16154819558176
980;165;164,1208316305777;142,28566530754608
981;165;164,26146414091258;142,40976715542837
982;165;164,40207826935904;142,5338537583798
983;166;164,54267403916072;142,65792513550755
984;166;164,68325147350782;142,78198130587518
985;166;164,82381059553734;142,90602228850264
986;166;164,96435142833326;143,03004810236658
987;166;165,10487399492666;143,15405876640028
988;166;165,2453783182959;143,27805429949396
989;166;165,385864421367;143,4020347204948
990;166;165,52633232701342;143,52600004820727
991;167;165,66678205805664;143,64995030139295
992;167;165,80721363726602;143,77388549877105
993;167;165,94762708735914;143,89780565901822
994;167;166,0880224310019;144,02171080076894
995;167;166,22839969080883;144,14560094261552
996;167;166,36875888934298;144,26947610310822
997;168;166,50910004911637;144,39333630075546
998;168;166,64942319259;144,517181554024
999;168;166,78972834217407;144,64101188133895
